UUID1,UUID2,UUID3,Region Name,Sub-region Name,Intermediate Region Name,Country or Area,ISO-alpha3 Code,ISO-alpha2 Code,lat,lng,lat-region,lng-region,lat-subregion,lng-sub-region
ee0b54f0-52b2-468e-8590-b251de47f96e,57cd0e92-9620-48f8-957d-97fcf28f690c,5bed1f53-93bc-4331-a049-17e31db03753,Africa,Northern Africa,,Algeria,DZA,DZ,28.033886,1.659626,11.5024338,17.7578122,28.0000272,2.9999825
1b27d1ea-4d00-4a07-a9e1-e1e8cf296c4e,457c2979-3a11-4d0f-b880-9cb85fb579f5,f11306b1-79c9-4284-a088-3f80217fa022,Africa,Northern Africa,,Egypt,EGY,EG,26.820553,30.802498,,,,
26df8c16-0395-479d-a953-cef54281e0cd,571822c0-b90f-4a0d-9e7d-51175a352fe1,3201b1e1-4a79-4570-af3d-77a49b7f321a,Africa,Northern Africa,,Libya,LBY,LY,26.3351,17.228331,,,,
b2b91268-7907-4dcb-9263-c800fcca4e2c,dca91a7f-3bec-4e88-81ad-902ff08643f9,0281b548-c19e-4465-ba15-871bd88e45ad,Africa,Northern Africa,,Morocco,MAR,MA,31.791702,-7.09262,,,,
dfa1dd1a-dea9-470d-aef8-c209cbf66967,b3b8f627-7bdd-406d-867a-31816b6693ea,772ad3c9-fa4e-4df3-9b6f-b622f8e6b391,Africa,Northern Africa,,Sudan,SDN,SD,12.862807,30.217636,,,,
5282ff94-b7d5-44fe-b02d-66691d5a3a90,c77dacad-b80b-42d4-a17b-2178c72ec975,5d081829-67f6-446f-bf3f-aa89eb5966f4,Africa,Northern Africa,,Tunisia,TUN,TN,33.886917,9.537499,,,,
df13a133-d9a3-4c69-9491-9c34957b9d77,55051763-3010-4cc4-a019-79a6db6b7ff3,7e174111-9de5-43c9-8491-7946a827a74f,Africa,Northern Africa,,Western Sahara,ESH,EH,24.215527,-12.885834,,,,
6355f138-c2ad-482e-9a35-7db9480c9df2,93787b89-8e1c-45a4-8d91-95af1ac76bb4,d3868bb6-835a-4e5d-9b84-cd8db115c587,Africa,Sub-Saharan Africa,Eastern Africa,British Indian Ocean Territory,IOT,IO,-6.343194,71.876519,,,-2.9814344,23.8222636
a92231d4-7864-4550-91c8-f9a5fd7bca5e,13a83928-be0f-4875-a86f-e9bff85d3db4,f2ad90fc-a4d0-44fd-9326-ef423a23f9fd,Africa,Sub-Saharan Africa,Eastern Africa,Burundi,BDI,BI,-3.373056,29.918886,,,,
83aa465e-f4fa-4bcd-a2a5-c5518da236fd,76419952-19b2-4fee-97e0-f6c37dcc65ed,ebfad738-9e94-4606-b57e-ae0c9c110ab5,Africa,Sub-Saharan Africa,Eastern Africa,Comoros,COM,KM,-11.875001,43.872219,,,,
a93a6b5e-d6f2-462c-87e1-77f1fc05c37f,733e7bb2-bb11-4d19-902a-511ba69e3b3a,e129bb1e-b4b3-47d7-8f30-b24de2269585,Africa,Sub-Saharan Africa,Eastern Africa,Djibouti,DJI,DJ,11.825138,42.590275,,,,
57c469df-a7c5-4d27-bfcf-f013cbc1298d,1ec9a517-a1c1-4c64-a0c1-198574623aea,1b5b393c-4bca-46ee-826a-b38eab7f0d4d,Africa,Sub-Saharan Africa,Eastern Africa,Eritrea,ERI,ER,15.179384,39.782334,,,,
f117f707-e6ca-4a45-81b5-fbf97f7a8d82,c14feb34-081a-4ce6-9ac5-3e92f354ebf8,ffb3858d-c184-480e-a886-d61939f45bc9,Africa,Sub-Saharan Africa,Eastern Africa,Ethiopia,ETH,ET,9.145,40.489673,,,,
6c6c2e57-519a-4a64-b9c0-353c8070cff4,140394bc-d34a-4edc-b044-15800309a04a,90659c03-b9cb-4bf8-ad31-5f8cdf1cf00f,Africa,Sub-Saharan Africa,Eastern Africa,French Southern Territories,ATF,TF,-49.280366,69.348557,,,,
cb0f8ac9-6069-408e-a4b1-e666a4ecba7a,a3cbb803-3823-4b27-8db7-3bcf5c7f417f,8c52eab8-8dc5-4799-8cbe-61c496308b79,Africa,Sub-Saharan Africa,Eastern Africa,Kenya,KEN,KE,-0.023559,37.906193,,,,
77b2b25e-c7e9-489e-875d-35e846eb76ba,8cd4fbac-8541-4f02-b578-bcb0149e6a07,4ee2e45e-781c-48ae-86e0-f5a73637a569,Africa,Sub-Saharan Africa,Eastern Africa,Madagascar,MDG,MG,-18.766947,46.869107,,,,
9e1631a6-bfbf-499f-946e-9e2ff3628a2b,85ec05bf-84c8-4019-af5c-d390d650a50e,dc8f77c9-6245-4ccf-88b5-031c210d481b,Africa,Sub-Saharan Africa,Eastern Africa,Malawi,MWI,MW,-13.254308,34.301525,,,,
c91c715d-e1c2-40aa-9d00-67d516301f08,01180a99-1828-4d33-9c62-f19b5552541a,57ec3198-34c9-4950-9527-8e841c57584d,Africa,Sub-Saharan Africa,Eastern Africa,Mauritius,MUS,MU,-20.348404,57.552152,,,,
793c76b7-b512-4f6b-bb95-9f83fa93b4c9,1b33b596-952f-4297-a9a9-7cc09877affe,5a4b9fee-28f9-4d97-9d40-f35fafc3bca9,Africa,Sub-Saharan Africa,Eastern Africa,Mayotte,MYT,YT,-12.8275,45.166244,,,,
bb4fe098-c008-4006-a4fa-d09696865267,6cfe7a7d-49bf-4eaa-9678-761761de70ac,95c41c02-c8f3-4988-83ac-b4d997484c4b,Africa,Sub-Saharan Africa,Eastern Africa,Mozambique,MOZ,MZ,-18.665695,35.529562,,,,
73cf4064-e63d-4a7f-a53a-4ec270abe9df,edfe318f-9332-4c2a-bf57-96ad9dc9055d,0b0d81f5-4df8-478b-9837-7e4ca8ce880e,Africa,Sub-Saharan Africa,Eastern Africa,Réunion,REU,RE,-21.115141,55.536384,,,,
061d97f9-39c0-432b-a1e0-258b3723aa29,54fec0a8-70f9-4258-b016-e87fc4e79a0a,decb1841-e36a-470a-a158-a73cb53f3462,Africa,Sub-Saharan Africa,Eastern Africa,Rwanda,RWA,RW,-1.940278,29.873888,,,,
2d441aef-6988-4451-af1d-4ea15251fb60,23496132-ed20-488d-ab97-119339805cb2,c3daff55-eacc-402a-8521-592ac6979b15,Africa,Sub-Saharan Africa,Eastern Africa,Seychelles,SYC,SC,-4.679574,55.491977,,,,
b88e2ed3-61bb-40e4-b60e-e51c55e55304,5dd58e8a-fe08-45df-9b42-2a3ba237654f,ac810b3b-5e9c-4e7a-9eea-2861ac2268dd,Africa,Sub-Saharan Africa,Eastern Africa,Somalia,SOM,SO,5.152149,46.199616,,,,
723d1f5f-494f-4796-b7a5-1a9bc2ea8fca,76d59a97-5c13-4eeb-bcf6-ece461c4724c,f137e1a1-375c-4222-a0c2-e63bb2467114,Africa,Sub-Saharan Africa,Eastern Africa,South Sudan,SSD,SS,16.34997,29.381307,,,,
9afdb622-65a2-4ae0-94eb-abdb13b7e71e,04b51364-687f-496a-a872-7578156460c5,f059e8ec-ed4b-4bf3-87b7-e4a278f65cf2,Africa,Sub-Saharan Africa,Eastern Africa,Uganda,UGA,UG,1.373333,32.290275,,,,
187f0c7e-4c89-48c9-89f7-1eb95f5f7ddb,6ea69153-56ca-47cf-b39f-563efdef7736,960d0e60-a866-411b-a522-541f5cb2f02e,Africa,Sub-Saharan Africa,Eastern Africa,United Republic of Tanzania,TZA,TZ,-6.369028,34.888822,,,,
47f1c480-3adc-4b6b-849c-e523c5b228f6,29ada03e-8a34-4c16-9375-449412858fc0,155e0b2d-89cf-4439-acca-07c7c37b4e4c,Africa,Sub-Saharan Africa,Eastern Africa,Zambia,ZMB,ZM,-13.133897,27.849332,,,,
40ac2dbc-fda0-4b00-9346-584ce526748e,061d2f76-7c63-4786-b358-60ef441cdbe2,e94f8f0b-0b61-49c9-8f85-8146df3d2460,Africa,Sub-Saharan Africa,Eastern Africa,Zimbabwe,ZWE,ZW,-19.015438,29.154857,,,,
6c91b0b2-091a-4f3e-b3ab-1156539229c9,06d2d633-accd-4af1-8616-7e4bbf55be60,4671679e-19d3-4969-bb9a-50ce2e4cedf9,Africa,Sub-Saharan Africa,Middle Africa,Angola,AGO,AO,-11.202692,17.873887,,,,
6f596ce9-a802-4532-8ed4-e21012d8ff41,78bb0de5-b44f-41b4-96c4-106db0206eea,c5d52a27-9e31-4025-b9ea-849a75964adf,Africa,Sub-Saharan Africa,Middle Africa,Cameroon,CMR,CM,7.369722,12.354722,,,,
b03e408d-fa0d-4187-a626-ae47a375a49a,0670fb41-f8bf-4fa8-9415-6f1a648524cf,f16ea7cc-8484-45ad-817a-4b90946e9d7b,Africa,Sub-Saharan Africa,Middle Africa,Central African Republic,CAF,CF,6.611111,20.939444,,,,
7856cd6b-3425-46f7-9e30-9fdf42ad2303,02975170-0d5a-4280-8285-c3cfdc1ffebd,490baa5f-9254-490b-bd80-66f8da5732ed,Africa,Sub-Saharan Africa,Middle Africa,Chad,TCD,TD,15.454166,18.732207,,,,
2cce306e-c2af-4bbd-89e2-b7ddaac25c9e,94bd63c2-47b3-401a-9ab5-195d10e77bac,dfd0a23b-5283-4612-b7b3-c6152a879e40,Africa,Sub-Saharan Africa,Middle Africa,Congo,COG,CG,-0.228021,15.827659,,,,
4d55aefd-54c6-4145-9244-8226b8da96e3,f9b01801-7cb5-4a8a-9733-dc644b881ffd,323f6a93-96aa-4467-9dda-66341ed5265b,Africa,Sub-Saharan Africa,Middle Africa,Democratic Republic of the Congo,COD,CD,-4.038333,21.758664,,,,
33692fc5-5c93-44b5-aa49-80a090c3bfd3,35a75f9c-4131-4616-bb7f-06351d39bfb7,4bb69769-3769-475e-ba37-e0af822d2570,Africa,Sub-Saharan Africa,Middle Africa,Equatorial Guinea,GNQ,GQ,1.650801,10.267895,,,,
bb101bbb-0635-4eb4-bdfc-212ec37f9d19,96bcc2aa-d189-4cc8-b669-07172d9058fb,5e240049-2d76-4bda-9c72-a51510650a62,Africa,Sub-Saharan Africa,Middle Africa,Gabon,GAB,GA,-0.803689,11.609444,,,,
eb414e43-33c7-480c-8580-4beb61f67aa4,28d50bb0-3e70-4ad6-9072-1d2f5020b5bb,71b4c1e3-09d9-4006-9cd4-21723055aa68,Africa,Sub-Saharan Africa,Middle Africa,Sao Tome and Principe,STP,ST,0.18636,6.613081,,,,
b413896e-becf-4fcb-9a02-47c5b9ff0bfb,335cd903-e477-4a0d-a7c7-73d6bfb097af,10da7477-a2f6-4d4a-b44b-ec70a57fb3f1,Africa,Sub-Saharan Africa,Southern Africa,Botswana,BWA,BW,-22.328474,24.684866,,,,
6e517434-5610-48f6-890b-f584986d8865,2f1bed18-4e2a-4913-9e64-0d08f26c82e2,a755337d-ddf8-484f-8de9-6df3479ead59,Africa,Sub-Saharan Africa,Southern Africa,Eswatini,SWZ,SZ,-26.522503,31.465866,,,,
63b7d128-fb78-4465-ac7c-791ed7d98815,4b51e57e-1095-4d48-86a8-be4ea559d2c7,e25f2f17-8c9e-40d0-8e58-43a4b7569682,Africa,Sub-Saharan Africa,Southern Africa,Lesotho,LSO,LS,-29.609988,28.233608,,,,
3ca1716c-88c6-4c1a-8dc0-d53940c15905,80d175f3-f5f7-4acf-9b07-32bb8fec9f19,71981afa-c171-4391-bf20-1b8f5cec2812,Africa,Sub-Saharan Africa,Southern Africa,Namibia,NAM,NA,-22.95764,18.49041,,,,
d10be20a-5bea-4e03-ad3e-7cd31f4f0e33,0e6917c3-01d0-4fbe-b26f-29ffbbb572f9,2db1e652-0ac8-4cdf-ac40-ef716ddf687e,Africa,Sub-Saharan Africa,Southern Africa,South Africa,ZAF,ZA,-30.559482,22.937506,,,,
89006c04-5b55-4770-b42b-e9ea994d34df,7964c6d5-5a39-48ea-a0c6-e215316d3c11,fc1fcfe7-4a95-432b-9198-86cf570e3e4c,Africa,Sub-Saharan Africa,Western Africa,Benin,BEN,BJ,9.30769,2.315834,,,,
f7739f6a-e741-4dfa-bd0b-c2803ccd4e49,c39ab6ad-5c81-4f0b-bca3-e7bfa1e6714a,0f8d6e63-a25b-4afd-b155-a5d87f6b68b8,Africa,Sub-Saharan Africa,Western Africa,Burkina Faso,BFA,BF,12.238333,-1.561593,,,,
7111313c-4bd0-46db-8c41-6b2c19d6c9af,12242ac0-0c4e-49c2-afba-7f5c5140270a,6e3c5b88-48fb-433b-9561-028b013989be,Africa,Sub-Saharan Africa,Western Africa,Cabo Verde,CPV,CV,16.002082,-24.013197,,,,
f96ea3b4-4365-4f3d-8157-c256f89c60ae,b5c57370-fb77-4d27-a52c-2f5301911421,773b2588-6df8-4ee2-a1e9-1f2cbb5ebd80,Africa,Sub-Saharan Africa,Western Africa,Côte d’Ivoire,CIV,CI,7.539989,-5.54708,,,,
098c8cc0-3891-4522-99dc-0bce379d1674,a1ae5f00-46a6-4a46-bdec-91b49be024a5,e1e98d85-7f55-4177-a1d6-69911d875381,Africa,Sub-Saharan Africa,Western Africa,Gambia,GMB,GM,13.443182,-15.310139,,,,
bafe86b0-8439-4bc5-a4bd-a1d9fa736b24,2144cb52-9bef-46ff-b629-d11d93ac7f1e,fcd7d0dc-5825-482a-a1a6-dc07600a6762,Africa,Sub-Saharan Africa,Western Africa,Ghana,GHA,GH,7.946527,-1.023194,,,,
a8400fff-ce31-443e-bffd-8edd8d8d739c,0132a4d6-918f-40be-9c58-48246e814970,f121da37-6ae0-4163-8f7c-e163a1fe8425,Africa,Sub-Saharan Africa,Western Africa,Guinea,GIN,GN,9.945587,-9.696645,,,,
a99430de-261d-4015-a286-fde735a53d87,fc58fd17-a4f0-492a-83d6-ed487478ad1c,b41ce233-08d9-43b3-9ee5-fd58979129dc,Africa,Sub-Saharan Africa,Western Africa,Guinea-Bissau,GNB,GW,11.803749,-15.180413,,,,
f401680e-bc58-47ef-bc1c-45db00987572,8817b748-b382-47b9-b73f-0b641c76576a,ef3b130e-3dd6-45a2-8d20-c1479f15d9d1,Africa,Sub-Saharan Africa,Western Africa,Liberia,LBR,LR,6.428055,-9.429499,,,,
f9ca90cb-9b3c-41c4-805f-31b7bc749dc4,57be436e-dd3e-40dc-83e1-3c1719dbad96,4268be82-c3fa-438f-9383-e4bd9c66d740,Africa,Sub-Saharan Africa,Western Africa,Mali,MLI,ML,17.570692,-3.996166,,,,
7e0f9b82-27fd-4aac-bc3a-ebbaca250d42,6287e76b-8d00-4423-a1e3-da378629459d,68cd4640-cd61-43f8-b94e-113e3d9873c8,Africa,Sub-Saharan Africa,Western Africa,Mauritania,MRT,MR,21.00789,-10.940835,,,,
a79ed2c9-2e38-4d43-9c7a-e0833a1fa6fc,fc2bac4f-4c4d-458b-a682-927e087e896c,346ca128-1e8f-46d7-b6c5-db76df03848d,Africa,Sub-Saharan Africa,Western Africa,Niger,NER,NE,17.607789,8.081666,,,,
9d428c41-7536-44e3-be4c-a9207717c8cf,d53048e4-3d5a-4784-8900-2d6ab3753b38,57982ae8-e9f6-4a77-bd4b-a839ee65e457,Africa,Sub-Saharan Africa,Western Africa,Nigeria,NGA,NG,9.081999,8.675277,,,,
6bcbe5d5-4c76-4847-ad3f-72be06d487d0,a3c175dd-af9c-4059-8668-12b97075ec77,e8bcd901-2388-4ce6-96ab-594bd6ed0ce1,Africa,Sub-Saharan Africa,Western Africa,Saint Helena,SHN,SH,-24.143474,-10.030696,,,,
a755198f-0a62-4e84-9298-57339783369d,653b8ab7-614f-4871-8c18-1267c4a8f21e,e4316599-e2d5-49e2-b97b-1103b6deb63a,Africa,Sub-Saharan Africa,Western Africa,Senegal,SEN,SN,14.497401,-14.452362,,,,
150ed52e-7eaa-44bf-bdaf-8d95bde9525c,81761ed2-a15e-47af-8c0c-deddcbda6b5b,6f6a40f5-aba3-4531-8e3f-e81ad25d87e0,Africa,Sub-Saharan Africa,Western Africa,Sierra Leone,SLE,SL,8.460555,-11.779889,,,,
949c6c85-87a3-4bc9-9046-123e0321f2e7,e62780a0-55b0-431c-8a5a-7652a4462532,60e12321-2786-4033-a10d-1561808dfcdc,Africa,Sub-Saharan Africa,Western Africa,Togo,TGO,TG,8.619543,0.824782,,,,
47648248-b620-4d01-8374-35f0efbc5a89,f667d6a3-9475-48fd-8a8d-65a36fdb2e2e,3bb593aa-9298-48a8-a2ee-d3d635a5fce3,Americas,Latin America and the Caribbean,Caribbean,Anguilla,AIA,AI,18.220554,-63.068615,19.4326296,-99.1331785,8.0018709,-66.1109318
9f482743-8f19-4999-b75f-d2f00f5f8dc9,9fb4c328-2b3d-42a5-b9e2-a39ec7409aa3,a09a61a8-a536-4eba-8534-cadeafaa0dd3,Americas,Latin America and the Caribbean,Caribbean,Antigua and Barbuda,ATG,AG,17.060816,-61.796428,,,,
4221d7f6-ae64-4f5e-a485-39fe7222393a,44403c77-7db1-48c9-99df-eadfb2fd6718,e5184d1f-6348-47e6-9fe0-c5d1cd7fa427,Americas,Latin America and the Caribbean,Caribbean,Aruba,ABW,AW,12.52111,-69.968338,,,,
ccfa4848-6417-4cae-9dcf-a52c0b83dc7b,52ae6adf-f761-4c3e-822e-c22ff0af2f30,f752c8c9-34f2-4f3f-8693-80fce2f56a58,Americas,Latin America and the Caribbean,Caribbean,Bahamas,BHS,BS,25.03428,-77.39628,,,,
60588683-62f7-479b-b0ec-9e33a2ede229,26c42981-f869-4c77-815e-fc9afd3a4345,9ab3e31f-3009-4cef-a90c-b6fdd384da18,Americas,Latin America and the Caribbean,Caribbean,Barbados,BRB,BB,13.193887,-59.543198,,,,
b7599901-5b93-4f4f-aae9-9c7e781cbb25,e8520b56-b5da-4c9e-9052-19377af32d9e,02572610-9a04-4fe7-bacb-593659b4d8b1,Americas,Latin America and the Caribbean,Caribbean,Bonaire,BES,BQ,12.191097,-68.249714,,,,
f5e59fdd-e570-44a6-aebb-c5ce48b5f479,08fb875b-9d27-4fbe-b170-f2efa696ddd8,38c7aa3e-d6b2-4d7e-9649-2b2180cebf03,Americas,Latin America and the Caribbean,Caribbean,British Virgin Islands,VGB,VG,18.420695,-64.639968,,,,
d4b1d826-0c1a-419d-bf1a-e002fa4966cd,4293c24e-6710-4e47-b8ec-321e5dc4cf3a,eebc582b-1717-455a-a983-1926ed330488,Americas,Latin America and the Caribbean,Caribbean,Cayman Islands,CYM,KY,19.513469,-80.566956,,,,
65d7aad1-dab9-4091-890a-8b22669f9a11,48439b47-44fc-45fb-9e9a-d0a12e3efe82,4da2915c-5e95-4e1d-bc0c-ea972aeffa2f,Americas,Latin America and the Caribbean,Caribbean,Cuba,CUB,CU,21.521757,-77.781167,,,,
c3243d27-99ec-4696-94be-8c9ea406a93f,cc413c23-c6b0-414c-9f54-99af0312595a,9c5933aa-880e-4118-86db-885802a27dc6,Americas,Latin America and the Caribbean,Caribbean,Curaçao,CUW,CW,,,,,,
2382cd28-2090-4e24-8adf-e308a18b6fbe,802e039c-a155-4573-afed-b1dbfff8a35e,a69ae3b2-78e1-40dc-9624-494334136dca,Americas,Latin America and the Caribbean,Caribbean,Dominica,DMA,DM,15.414999,-61.370976,,,,
c6e8b1b2-88d5-4486-86cf-c0e04cd3d9b0,44ba6496-ceef-4cc0-9f82-6ce2bfd4b9cb,21892fb5-cb1d-48bb-a014-f0a8ad3a4c56,Americas,Latin America and the Caribbean,Caribbean,Dominican Republic,DOM,DO,18.735693,-70.162651,,,,
6832a0aa-d2a2-4f98-bea2-46dbb818b7ee,5863cdf0-a533-4079-a11c-af090675301e,999ee1c5-e283-426d-a9d8-77b2efed6caa,Americas,Latin America and the Caribbean,Caribbean,Grenada,GRD,GD,12.262776,-61.604171,,,,
f6807435-e714-43ee-bf89-559e63b4307b,987d353c-1527-4070-a711-eb3b57d3598e,4605b448-66ca-4f0f-a694-f5e9f8bdbf6a,Americas,Latin America and the Caribbean,Caribbean,Guadeloupe,GLP,GP,16.995971,-62.067641,,,,
2b220ea8-d535-4a39-b1c7-547cbc59fe10,e8a940be-fd2d-4d12-94ea-21ec63014611,7ec66f24-3b30-4598-88f8-afc8518c8f19,Americas,Latin America and the Caribbean,Caribbean,Haiti,HTI,HT,18.971187,-72.285215,,,,
22248d6e-afee-4921-b9a6-7ca82cf380e4,ae94275d-9764-4215-9a90-da2b142d4d52,0047928c-0e55-40fc-be58-61b659e6f7aa,Americas,Latin America and the Caribbean,Caribbean,Jamaica,JAM,JM,18.109581,-77.297508,,,,
276e4166-639d-48b7-a426-95f4184088e4,5f0fe6d0-b51a-4720-9760-351d08736bf8,67b9eb97-07cf-407d-a086-c0983a30382e,Americas,Latin America and the Caribbean,Caribbean,Martinique,MTQ,MQ,14.641528,-61.024174,,,,
9366b2cb-f52e-472d-9f4e-14cab1423637,92157775-fb10-42f0-8c04-24f0f689784b,d23f6d46-eb5a-45e0-a4e5-9030d598a275,Americas,Latin America and the Caribbean,Caribbean,Montserrat,MSR,MS,16.742498,-62.187366,,,,
909460ef-c3a3-4c5f-9daa-7d5c46dd0c2c,665415f2-106a-4267-b157-3faa943ddaa3,beaf2a9a-d2ec-4bfa-ac20-46f626bfef9e,Americas,Latin America and the Caribbean,Caribbean,Puerto Rico,PRI,PR,18.220833,-66.590149,,,,
c0bb8019-0a11-44f1-8fb7-87772e28f7f5,ce3aacdf-ba6f-4c88-b417-48d45a8816d7,bd4957f9-9817-4559-963c-e7e1d8fedc9c,Americas,Latin America and the Caribbean,Caribbean,Saint Barthélemy,BLM,BL,,,,,,
be983178-6b8c-431e-8674-09d3178d53c2,91d8597a-fe1c-402e-ae8f-3267d5d5e768,f0cafbc2-78f4-46dd-a201-b18d5d9ffdc4,Americas,Latin America and the Caribbean,Caribbean,Saint Kitts and Nevis,KNA,KN,17.357822,-62.782998,,,,
4e231527-d415-433d-b8bd-6f3b7a844dd1,b61c2d8b-e7e5-4b42-b276-6c00f6bc98b5,39ec44d9-d153-495c-a331-306e90e33950,Americas,Latin America and the Caribbean,Caribbean,Saint Lucia,LCA,LC,13.909444,-60.978893,,,,
e1088c70-cb9d-4a90-acfb-d86af31d9668,ba8f2b76-f96a-45ec-9d2e-ff1f1764a873,b2f46243-6c04-4d4c-89ae-323ea8e59efb,Americas,Latin America and the Caribbean,Caribbean,Saint Martin (French Part),MAF,MF,,,,,,
4192c8e2-d17a-4edd-adea-a010d257a418,f34bb4df-3968-4fc5-bafc-1118d9a1d202,bf7993fc-d766-4e37-ad29-699f56e8338a,Americas,Latin America and the Caribbean,Caribbean,Saint Vincent and the Grenadines,VCT,VC,12.984305,-61.287228,,,,
6e8b6a67-e9bb-445a-a0a4-a0a3e657200a,faf191c4-cfbc-492b-93e6-70fa7835e61f,ad4b36ef-a722-4db5-8c89-cdccf7b209d1,Americas,Latin America and the Caribbean,Caribbean,Sint Maarten (Dutch part),SXM,SX,,,,,,
14961968-a713-45fc-8fed-6f5e40136b79,61dd090a-62e4-4e86-9b9f-9cc47b2fa456,792e86ef-56ea-425b-9e90-a5d6751c1137,Americas,Latin America and the Caribbean,Caribbean,Trinidad and Tobago,TTO,TT,10.691803,-61.222503,,,,
2a2aca11-012a-419a-9071-eea73d5a5bb3,a6774ae5-81a6-436b-9641-884150ea1a40,d8b0d62b-1a25-48c5-9b11-fa6b98e77033,Americas,Latin America and the Caribbean,Caribbean,Turks and Caicos Islands,TCA,TC,21.694025,-71.797928,,,,
a2cefed0-3ef8-41b1-857e-3b35f30285dc,15177398-43f7-4a20-a667-9dd154b9c1a2,6711fc2f-f9ee-44af-852f-c571478ff324,Americas,Latin America and the Caribbean,Caribbean,United States Virgin Islands,VIR,VI,18.335765,-64.896335,,,,
dd5e476b-b571-4ade-9359-a1f8c37fd5a0,403adb80-3917-419c-ba95-9a6019e2da65,4539837b-8fca-4dc2-8d76-34ed6a0dbfb0,Americas,Latin America and the Caribbean,Central America,Belize,BLZ,BZ,17.189877,-88.49765,,,,
353a3613-ea1f-42e0-b40f-b11d239ae642,6dd36274-effc-4c4f-a809-e5ca65fbf4f4,b9dd977d-6954-45d7-b50b-f8bd907950bb,Americas,Latin America and the Caribbean,Central America,Costa Rica,CRI,CR,9.748917,-83.753428,,,,
0d79c3a7-523e-4e05-8782-a6572d10ff6e,d41bb72c-dff1-4846-a20c-c58895b0fb98,b844bfbd-b6b7-4f4a-b9b7-db19b8c8dea9,Americas,Latin America and the Caribbean,Central America,El Salvador,SLV,SV,13.794185,-88.89653,,,,
a5c12716-0b26-4c9a-a5e5-1e21814c5cec,b7228e55-5858-46d7-8c63-c8afbd5b4d36,0e2e003f-b241-4d07-83db-aa9f782bb01e,Americas,Latin America and the Caribbean,Central America,Guatemala,GTM,GT,15.783471,-90.230759,,,,
7d6603dc-b376-4c54-a8f9-9ed51e1e9aa0,cf0412e2-2657-413a-beb8-d42d71a6b5d1,e3022285-06be-4c6e-af93-3a8e8558f718,Americas,Latin America and the Caribbean,Central America,Honduras,HND,HN,15.199999,-86.241905,,,,
45f0932f-a975-4577-9bf4-b09431e04a71,f4a113dc-2d5f-4f26-8ecc-2c6807ef35ee,4f8b5528-7275-42f4-8db8-e2192661eff9,Americas,Latin America and the Caribbean,Central America,Mexico,MEX,MX,23.634501,-102.552784,,,,
ea0d54ef-2137-44ef-9893-51f07bf834fd,92a736c3-c7e5-4a5b-8b1b-01c7a271d5e3,883da9b7-7e3b-4127-a760-e64deaa3fcc4,Americas,Latin America and the Caribbean,Central America,Nicaragua,NIC,NI,12.865416,-85.207229,,,,
84e95367-9f05-4e89-8954-762ac91298ab,f5752ac2-b305-43db-bdb1-96038cad5393,bbfc30a7-e244-4195-976c-54fd629bde1c,Americas,Latin America and the Caribbean,Central America,Panama,PAN,PA,8.537981,-80.782127,,,,
e1918f7d-d2ac-4d13-8fd1-cac64ca0688e,36103a1a-7ff3-4122-bab7-c2bd7506a49a,992b40a7-950a-41ef-88fc-bf158b6bdacb,Americas,Latin America and the Caribbean,South America,Argentina,ARG,AR,-38.416097,-63.616672,,,,
54682043-d48f-4d88-8cf1-ad0245746346,56eb0147-2b4a-4f3e-b366-7c6cfc4a4b67,5627253a-884c-4dbe-a591-9a11a3838708,Americas,Latin America and the Caribbean,South America,Bolivia (Plurinational State of),BOL,BO,-16.290154,-63.588653,,,,
9ea7edd4-e9d9-490e-add6-d13353cd6fd8,f7f13224-7eab-4791-85c3-a0750f1c3001,61744517-44b0-4c1e-86be-6914a1aa30a3,Americas,Latin America and the Caribbean,South America,Bouvet Island,BVT,BV,-54.423199,3.413194,,,,
1e6a7e49-b169-4d67-ac45-d4058f7bc86b,98227aba-46bc-4e0a-a137-f04788e0e52f,c7135237-6dca-4f59-9a15-43fd8f20772a,Americas,Latin America and the Caribbean,South America,Brazil,BRA,BR,-14.235004,-51.92528,,,,
0a8cd3e8-f2b1-4d1f-b111-34ee838a11db,769afb0f-4ff5-4545-a2c5-bebe06ec407a,21ef416a-1ca3-45f6-b3d7-b7251b271b39,Americas,Latin America and the Caribbean,South America,Chile,CHL,CL,-35.675147,-71.542969,,,,
0389bfc6-4d55-4a56-8f2d-609c4b0584e2,646ade63-b366-475a-876c-66326f89cb76,9fae6d88-590c-4b14-9958-f8564da106d4,Americas,Latin America and the Caribbean,South America,Colombia,COL,CO,4.570868,-74.297333,,,,
8e4e0d3f-cea2-4aa1-a41a-3eb7eb7f894c,7feedf6d-cebb-481e-b1a3-c2d25c28411a,37aa4b9b-0ea9-4732-b8a4-e3b1d08b9d8c,Americas,Latin America and the Caribbean,South America,Ecuador,ECU,EC,-1.831239,-78.183406,,,,
fbeb30fd-8082-4611-9a59-803ed01d5b5e,7ddf1aa4-7fd4-4da7-83f3-1d13a4841279,4a87a454-8fcd-46bd-b421-df3ef4a26f05,Americas,Latin America and the Caribbean,South America,Falkland Islands (Malvinas),FLK,FK,-51.796253,-59.523613,,,,
c60db402-ac90-4168-9db6-6e9fa063c400,3041ce57-3208-44ac-801c-e2a2206696fd,9eb43d13-cbf5-4676-95b5-0edb7d39011c,Americas,Latin America and the Caribbean,South America,French Guiana,GUF,GF,3.933889,-53.125782,,,,
9372b752-745f-4f8d-8615-1e718368e35e,ca7e2ba6-4eba-4ccb-90b3-478703b5a991,cd1c6ea0-d789-4ec7-9d5b-502f85a0e6fa,Americas,Latin America and the Caribbean,South America,Guyana,GUY,GY,4.860416,-58.93018,,,,
2e9ba66e-7c61-491d-a854-8f73917cbe4e,4803d133-0c20-4224-8eba-0ea87c54c08a,cf2485ff-f251-444c-9e51-6cb84b61fbb8,Americas,Latin America and the Caribbean,South America,Paraguay,PRY,PY,-23.442503,-58.443832,,,,
dd47dcb5-f63a-48a9-84e5-7ef46fec944b,3f7041ea-1a12-4fbc-ac38-8b37cab9efa5,8d70e6cf-5296-4059-b63a-6f0cb742e583,Americas,Latin America and the Caribbean,South America,Peru,PER,PE,-9.189967,-75.015152,,,,
54657419-6bc8-4c73-9050-755ad30d7226,6630416c-65e4-4cd4-a3fb-bb09f34bde1f,01daac57-2783-4c4b-96a7-8ba1b7e5c1f0,Americas,Latin America and the Caribbean,South America,South Georgia and the South Sandwich Islands,SGS,GS,-54.429579,-36.587909,,,,
caedd95f-f530-4b7a-8ebf-0a7f83ae1992,d8050876-00bc-4f91-98ca-c7a4e2ca3ecf,14bb76ec-46a5-438b-800d-4326c439d510,Americas,Latin America and the Caribbean,South America,Suriname,SUR,SR,3.919305,-56.027783,,,,
b4f4c1dc-0bc0-4ac6-8906-c0b4674c75c8,c901c159-9a22-49af-b1d6-3213d4098b68,9b749617-9d6a-4dd3-bec4-ab91eaf8533b,Americas,Latin America and the Caribbean,South America,Uruguay,URY,UY,-32.522779,-55.765835,,,,
d4379416-3155-4101-b93b-d93c71a5ac49,99d900f1-d0e3-4358-bcc0-f6936984b85b,13c5f8f3-98e9-42a1-ad0f-a3bf7fc6365e,Americas,Latin America and the Caribbean,South America,Venezuela (Bolivarian Republic of),VEN,VE,6.42375,-66.58973,,,,
b0c54648-656f-4b55-92a8-fa475054466b,75a5b491-3fb8-4176-a572-0e84c7e352bc,5afe97de-1464-4315-b80a-01463367f1bf,Americas,Northern America,,Bermuda,BMU,BM,32.321384,-64.75737,,,39.7392364,-104.9848623
f30ea18b-14c7-4ed4-9781-a08eb45190bf,9235bcf6-ee71-4174-baec-2255f6c34d2a,f1ff7040-cde1-464a-a6fd-7f762f72b735,Americas,Northern America,,Canada,CAN,CA,56.130366,-106.346771,,,,
22267718-6f32-471a-966e-04e81e30f651,355f1593-0f1a-42a1-abb4-1e755cd25111,131cdc80-5cc0-4e41-91a0-0ac7b771d378,Americas,Northern America,,Greenland,GRL,GL,71.706936,-42.604303,,,,
7aa36b80-d467-4aca-8024-f83d64c01d0b,a8983fd2-93d2-4390-95fb-fd9c53a6fede,6c3907c8-2b37-4e17-8304-135b9232f368,Americas,Northern America,,Saint Pierre and Miquelon,SPM,PM,46.941936,-56.27111,,,,
6f0e1318-3757-4b6f-ba30-dbb05bba91ca,b0592458-fd70-464a-8689-93decfc4e8d4,dbac05fd-3616-4d7c-9bcd-e6b867c1f5be,Americas,Northern America,,United States of America,USA,US,37.09024,-95.712891,,,,
a523412a-4cac-415a-b7d6-d8c6a8b7334b,29c0ad64-9879-4c4d-a15a-d7b147b49619,b52c3cd6-55f6-4f66-8a55-7b5e4646a57d,Asia,Central Asia,,Kazakhstan,KAZ,KZ,48.019573,66.923684,37.254283,83.217591,38.861034,71.276093
0714ece2-62ef-4f82-840c-20c73a3805a3,08d1ca0d-fa0f-4a94-b5fe-7802864a566e,814a0aed-8d55-4793-b350-3eab41ef32d2,Asia,Central Asia,,Kyrgyzstan,KGZ,KG,41.20438,74.766098,,,,
2adb1745-278b-4c5c-a1d6-c55ffba1b025,d126738b-d931-4ace-b29b-605b1d02b7a6,0a21c122-4967-4294-a254-bc431548552e,Asia,Central Asia,,Tajikistan,TJK,TJ,38.861034,71.276093,,,,
a84b7911-2a4d-43a8-bfca-397a3650fe2e,5a6bfe10-ede8-4390-88bb-4105fb381741,9101eb9e-2f21-4b17-a7d6-14f3dc22bbbe,Asia,Central Asia,,Turkmenistan,TKM,TM,38.969719,59.556278,,,,
855fcd71-b229-4ed4-b9af-1a494710a4da,cc4942ff-f377-41d7-a5bc-ab4a7c78f08b,b21c0b51-dd6d-46a1-9296-86ed0a61d5f9,Asia,Central Asia,,Uzbekistan,UZB,UZ,41.377491,64.585262,,,,
22b6819c-4446-41ce-9911-84c75b54c2ce,2ac93082-4d7e-401c-847a-f74e6031d38e,bce7047c-c986-4601-9395-d46f577ce237,Asia,Eastern Asia,,China,CHN,CN,35.86166,104.195397,,,,
fd4ea217-09c4-4ba1-b175-8697cba087ca,c088d628-bb06-435b-9e8a-3e92638cd96e,31e5b322-0804-4cb0-812a-f44cf17110f6,Asia,Eastern Asia,,Hong Kong Special Administrative Region,HKG,HK,22.440384,114.098975,,,,
15018376-c54a-4dd2-b1ba-21d0e77b99c0,ef610ce8-a695-4d5f-97d2-c9f71b71809a,7ed83b05-7171-4bfb-8380-0d0728367f3f,Asia,Eastern Asia,,Macao Special Administrative Region,MAC,MO,22.158061,113.556447,,,,
75792790-63ce-4da0-ab47-5f56d8b6974c,3929ead7-7a98-48f7-86c5-3ce27256130c,a6cadfda-9224-49e3-bc67-f715c19c3fdb,Asia,Eastern Asia,,Democratic People's Republic of Korea,PRK,KP,40.339852,127.510093,,,,
4d758499-508d-4ec2-8d1e-11472b8da8ed,548236bb-ba90-4acc-87d8-fe196af753b0,fe64f4cd-2d3a-4fe6-aaee-01aab011b0d4,Asia,Eastern Asia,,Japan,JPN,JP,36.204824,138.252924,,,,
7da15eef-7995-419f-9686-4eb6d6c06a9b,974e7efa-66cc-458f-9d9a-cc74ae9c8bf6,489a5be3-5051-42e6-a146-45e20704a410,Asia,Eastern Asia,,Mongolia,MNG,MN,46.862496,103.846656,,,,
a3aa5d51-8a17-485b-b2f3-bed8a55e3ed0,2c5b4cba-a062-41cd-8e3f-3be053c5d133,69b73a4d-de23-46cc-b870-326ba940bba0,Asia,Eastern Asia,,Republic of Korea,KOR,KR,35.907757,127.766922,,,,
971084c5-f25d-49fd-89f8-5193eb04b47e,459fe292-bc20-47c8-9502-efaf624c0466,d3a4164a-770f-4e67-aa4f-7285c908ff0c,Asia,Eastern Asia,,Taiwan,TWA,TW,25.105497,121.597366,,,,
94c17b80-a6d2-47c9-b79f-336ac2139a2b,585445d4-0276-4209-b2fa-21e9c8c533d7,c9f7059a-0ed2-4307-a30b-e20368faff59,Asia,South-eastern Asia,,Brunei Darussalam,BRN,BN,4.535277,114.727669,,,,
9a1f8604-deba-4366-bcd6-40195b783043,c9e774b8-51c3-4710-a047-29d43dc4069b,e3598ce5-efab-429e-b41b-88b90aa389c0,Asia,South-eastern Asia,,Cambodia,KHM,KH,12.565679,104.990963,,,,
1dd6dc03-68ba-4d49-9bc5-deed4453a19e,a25c9b59-7944-49b9-a5d5-effa7b623416,69000f30-9b2c-4d74-b6fc-4c1875d15db0,Asia,South-eastern Asia,,Indonesia,IDN,ID,-0.789275,113.921327,,,,
c9af8f92-ed99-431e-849e-addbbe1eb695,6f745716-834f-4014-8a10-a5841663e1f5,de45a6fb-e1f1-4053-a480-d498882e11da,Asia,South-eastern Asia,,Lao People's Democratic Republic,LAO,LA,19.85627,102.495496,,,,
50a32e6c-ceea-4141-8b94-3ca86c8c7d9d,388c9839-0809-4e14-a76f-f21a55f53af8,c81cae92-fa49-4dd9-9329-80ecd503e134,Asia,South-eastern Asia,,Malaysia,MYS,MY,4.210484,101.975766,,,,
24562cfd-b48c-4b32-975e-8c11c0329f15,7a76eb69-d7a2-442d-8a42-ab8139e131df,4145b9ec-ee0a-4d35-afb9-9b5196e846d5,Asia,South-eastern Asia,,Myanmar,MMR,MM,21.913965,95.956223,,,,
12389615-926a-4288-8042-1d283ec232e8,21807633-f4e1-4adb-809e-d0cb7ed783e5,9c1e3039-90a6-481c-b88f-0a587dcb4ae3,Asia,South-eastern Asia,,Philippines,PHL,PH,12.879721,121.774017,,,,
f9b82862-67d8-48be-8d9b-682b45137300,8bbc398c-016b-45a0-8f08-66696e00d12b,dc36e8c6-435b-4f06-9915-7dbb584fff47,Asia,South-eastern Asia,,Singapore,SGP,SG,1.352083,103.819836,,,,
38ebc30e-c6b3-480f-9ccd-3b713baffbf0,0ebb39fb-02b8-4998-ba7c-dae8f3680252,60e63c7c-8084-4e93-9c11-e9dab05d6ebb,Asia,South-eastern Asia,,Thailand,THA,TH,15.870032,100.992541,,,,
92995c54-af7e-450b-9e63-e5af5761616c,b61b94a7-a214-4edf-afc0-1a86da37474c,4201dceb-1bfd-4a37-b52e-067a2b227cff,Asia,South-eastern Asia,,Timor-Leste,TLS,TL,-8.874217,125.727539,,,,
1436255d-d4e7-4b58-9918-703f3d986aef,1679b1e1-9fe5-4391-81c8-b62cbeb7546d,d32bae97-5a06-4eb8-8841-0804f4901459,Asia,South-eastern Asia,,Viet Nam,VNM,VN,14.058324,108.277199,,,,
39d1247a-822a-41e6-9a02-6cc088b0e2a0,2d7147c8-98a6-4cb6-b2a3-2f7c4f9b1479,2af22167-c50e-41fb-91dc-ca0225a61a5b,Asia,Southern Asia,,Afghanistan,AFG,AF,33.93911,67.709953,,,,
e79a9e66-1951-439b-8f32-c18df8fb05dd,d5a6d888-71e4-4776-8323-39d6beff1a2f,ceff68c9-46ab-4e5a-a1ec-c13b8aad6cd1,Asia,Southern Asia,,Bangladesh,BGD,BD,23.684994,90.356331,,,,
3e5a1fbf-d22e-4afb-8764-fa3d6c0236a6,35a49d06-dd3b-421f-8a54-5d3d87ab4b27,cdf6dbd7-97f1-45a9-9a6f-f228898c4384,Asia,Southern Asia,,Bhutan,BTN,BT,27.514162,90.433601,,,,
3482577a-2409-423f-9bbc-aa0e0b8b7659,d2d851fe-3861-4d14-bfa0-12fc33fe78da,7c193f95-f96b-42eb-8569-0834349b1bba,Asia,Southern Asia,,India,IND,IN,20.593684,78.96288,,,,
0ae67ca0-be5a-48ae-9826-1c680d103198,58a84261-fecd-4a50-bc74-47fded14b197,79c4420c-f8ed-4757-a2d8-02f4f0e1d0fe,Asia,Southern Asia,,Iran (Islamic Republic of),IRN,IR,32.427908,53.688046,,,,
69de9207-5612-423f-984f-ec9b7b2d398e,f5738d02-1521-49c5-9bac-c62c12e0b82a,c843171a-2575-45fb-af3b-df89a8f21718,Asia,Southern Asia,,Maldives,MDV,MV,3.202778,73.22068,,,,
6c6bbf43-30f3-4d31-9eee-2b84da758634,59295d89-f0e1-4890-a99d-238eea21a7ff,5bc738ec-59fa-4d6c-9fd0-0f694e66474c,Asia,Southern Asia,,Nepal,NPL,NP,28.394857,84.124008,,,,
391ca0f5-0c16-47f7-a4ac-51203bd1a336,4bbc4b6d-1b0d-450a-b95a-27686e36d4a6,1d159ef7-392a-49b3-8ca6-b51621e6bec8,Asia,Southern Asia,,Pakistan,PAK,PK,30.375321,69.345116,,,,
3f27549a-f925-461e-a559-aeeaa4a8e017,a100b9e5-4080-4117-aecb-42f3505e7946,8c00bd48-4dc0-4b3f-b9b3-918cf69319af,Asia,Southern Asia,,Sri Lanka,LKA,LK,7.873054,80.771797,,,,
bcda2e40-b902-462e-9210-1e182ae203da,9371a3ed-2c3d-4ed0-9cf9-191e8b71b9a3,452cf041-37ff-4902-9b4c-f268e73b9861,Asia,Middle East,,Armenia,ARM,AM,40.069099,45.038189,,,,
432dca33-e1a3-45d2-9c64-3868bdf08429,cc5643e2-6cd5-40ee-b787-397b5a6089c6,8538e405-3e1f-4909-a660-10e105956336,Asia,Middle East,,Azerbaijan,AZE,AZ,40.143105,47.576927,,,,
f7c817db-4f5c-429b-88ea-880060f7aec4,b451b589-7b64-4e40-a48c-6b78ca7f6f97,30851763-bcd0-493a-bc8c-68899a234d34,Asia,Middle East,Arab States of the Gulf,Bahrain,BHR,BH,25.930414,50.637772,,,,
936e75c8-596a-4d98-919e-ea7059d02e23,107820d0-9ddf-4564-8dcd-ad89ad565eb6,6564c702-400c-456d-9260-7f080c1add22,Asia,Middle East,,Georgia,GEO,GE,42.315407,43.356892,,,,
2e200c00-bc51-4747-a47e-0c3a24f04818,dd61a124-f619-4198-9d4d-c6695dc0b8d6,9dcdad6a-08fa-4956-806e-61ef6472b918,Asia,Middle East,Arab States of the Gulf,Iraq,IRQ,IQ,33.223191,43.679291,,,,
17a5f05e-a7df-4310-99c5-ad7d9b26fb5e,8c9d775d-63e4-4ddb-90e5-fd8accb9b2f3,e9cbb2ff-9bba-4ab8-91c0-2a02bb2ac1ad,Asia,Middle East,,Israel,ISR,IL,31.046051,34.851612,,,,
01e8f73a-fa43-4a22-95d9-4d91f99ccc36,612642e2-6c70-4ae2-bb23-92de1bf83510,19c4553f-fc87-477c-aed4-c6a5be3199b0,Asia,Middle East,,Jordan,JOR,JO,30.585164,36.238414,,,,
e04f867b-71c4-48cd-b410-f1b8dd258a69,b919b016-4662-4f6e-84eb-6a13813126b2,06d56e94-1f6e-4806-b35e-be7e5d5ac04f,Asia,Middle East,Arab States of the Gulf,Kuwait,KWT,KW,29.31166,47.481766,,,,
93130817-6446-4cea-9af4-b8a74f29ab78,5919d4c6-f87b-4c4c-b7c0-9dee99af47d8,efa50d4d-4964-482d-9ba0-9335afff830f,Asia,Middle East,,Lebanon,LBN,LB,33.854721,35.862285,,,,
39f9c037-f0d1-40f1-92d2-7c5c976030e6,9d87894d-1237-4526-9c79-6e69db04a5b1,56d85d02-e6b0-4d9f-a7a4-78256576d5c0,Asia,Middle East,Arab States of the Gulf,Oman,OMN,OM,21.512583,55.923255,,,,
80393b93-9606-468c-9cfe-863b3c30967a,0af12719-dd4a-45f6-b577-b9420084d87f,e48bc40f-705c-4aa2-a1ca-2467af4637cb,Asia,Middle East,Arab States of the Gulf,Qatar,QAT,QA,25.354826,51.183884,,,,
e6df0b8e-aca7-4fa6-8b09-9c4b111af3af,0e33e348-aa90-4068-9951-0200cf1ceb15,ecfffc7d-cf77-496d-9678-5bc55ac9637c,Asia,Middle East,Arab States of the Gulf,Saudi Arabia,SAU,SA,23.885942,45.079162,,,,
c5ab498d-2b16-4f20-9aa9-2afbd037d2ec,6f32bfec-16cc-4098-b6bc-daf2da890841,f1c01537-f443-4d98-8a1a-94dce65d8a51,Asia,Middle East,,State of Palestine,PSE,PS,31.952162,35.233154,,,,
b45fbc7a-cce5-449b-98b3-52770dd8d758,a4767181-9abb-48a2-ae7f-845f4b9a4cbf,66e2d6bc-026a-4e09-97b8-a9a6c2c1b208,Asia,Middle East,,Syrian Arab Republic,SYR,SY,34.802075,38.996815,,,,
3a758720-79f1-4959-99fe-f39c6b9a9d08,a163d667-0e49-44ce-a6ee-6d89437f2a0e,147c2fcb-6746-4af6-8534-802578414d54,Asia,Middle East,,Turkey,TUR,TR,38.963745,35.243322,,,,
bd09a640-599c-4a68-97ad-9dbe14993087,b5405efb-fcec-47c0-a814-82854f24edc2,d6ff0834-cc14-46d0-b4e2-534d940fcade,Asia,Middle East,Arab States of the Gulf,United Arab Emirates,ARE,AE,23.424076,53.847818,,,,
c7c23e69-48f8-4a29-a9d4-5ad0376cce23,958156e7-f348-407d-b4aa-ecd414836d9b,412a7f65-1b53-4e74-b90a-01d322df4065,Asia,Middle East,,Yemen,YEM,YE,15.552727,48.516388,,,,
1079ae29-320a-4d6f-80f7-ddf6517cbf4a,ae9f19ee-5faf-4bcc-b48d-80ae92d9ff98,c158c6f7-8c48-4018-974d-6ff3091bb5c8,Asia,Middle East,,Cyprus,CYP,CY,35.126413,33.429859,,,,
7eff2453-313b-4a54-9178-efb1d8ae5c9c,9dbd67a0-5ed6-4f3f-81c7-886c8918f3ee,adf6ce51-5662-4b23-9354-b03a0954f4bf,Europe,Eastern Europe,,Belarus,BLR,BY,53.709807,27.953389,,,,
b2e6db8b-1fe5-4e08-bf5d-4b1a7e451654,532dcf18-9392-4721-b41e-672a5ea7aa73,a28d8a76-087a-4758-a4cf-f05779293588,Europe,Eastern Europe,,Bulgaria,BGR,BG,42.733883,25.48583,,,,
70309c35-8f28-40e4-ab65-e9686deccdab,3b47adbf-0615-4567-9f77-26e1acd98c5a,250f8a47-8cb5-4262-a8e8-4b46cd9704eb,Europe,Eastern Europe,,Czechia,CZE,CZ,49.817492,15.472962,,,,
7ff67635-4e16-442a-a6ea-3a2ee65c52ae,42c85855-5215-43c8-a2f5-6aaddf9cb872,56c0f5ae-6fdf-43eb-9742-c1f85eba40be,Europe,Eastern Europe,,Hungary,HUN,HU,47.162494,19.503304,,,,
05ea9c16-f028-4841-8c25-62fe627f88b9,f42ad576-110f-457d-bd2e-e87bb02852b1,3ac13daa-60e5-41c1-923c-92e2ec70e823,Europe,Eastern Europe,,Poland,POL,PL,51.919438,19.145136,,,,
f4d1d07b-6e70-4ebb-937b-489abfad6db3,6b0e5022-f9b9-48b4-9b59-e3023b255395,04f27d08-1c09-40b1-aff0-55203803383c,Europe,Eastern Europe,,Republic of Moldova,MDA,MD,47.411631,28.369885,,,,
e80ec8ac-5fe1-43a8-8546-b7f43d1b9bf2,9a172cd1-2c90-4865-aa13-b70a1ebbf9b3,e6a239c8-9e41-4dec-95ab-45c13981a57b,Europe,Eastern Europe,,Romania,ROU,RO,45.943161,24.96676,,,,
4db721db-4d3d-4efd-b4f6-a4609db476d3,5ad5f00f-89c8-426c-b4ec-0dfbab185fcc,3e45f29a-3269-491f-ac9d-5e680db683b2,Europe,Eastern Europe,,Russian Federation,RUS,RU,61.52401,105.318756,,,,
e52c1902-e17d-4c2c-9747-ff8bb1ef52d9,082178b7-1829-4c3d-94b1-b92e93a8cd65,e892e333-ba6b-4786-941b-380700939f90,Europe,Eastern Europe,,Slovakia,SVK,SK,48.669026,19.699024,,,,
5f707468-363b-48c1-b3dd-6be54233f9f9,c33505b2-1e5d-4466-9842-0ec1f1217a68,e5f054fc-fc63-46f3-8d63-1f93e0cb7801,Europe,Eastern Europe,,Ukraine,UKR,UA,48.379433,31.16558,,,,
c089efd6-1a12-4855-b66b-a21d1845cac4,747340b9-e1b3-4d8c-a102-a595d5a44327,dcb05beb-a641-46cd-9401-ea169da12034,Europe,Northern Europe,,Åland Islands,ALA,AX,60.15205,20.291594,,,,
decd7ba0-39bb-4457-b0a3-d16440ab1b69,d12b3060-56c9-4454-b8e6-7140f8fe308d,53d199ef-6b3d-46be-873e-f3fb659d0795,Europe,Northern Europe,Channel Islands,Guernsey,GGY,GG,49.465691,-2.585278,,,,
7cf0e28e-d39c-4fbb-832d-fd94d702b3a7,247c9e33-c37f-422a-8f9d-6fb230d12a54,b56f8137-dc70-48a3-b3d3-847f49687c9d,Europe,Northern Europe,Channel Islands,Jersey,JEY,JE,49.214439,-2.13125,,,,
c3377ca8-ee34-4d80-a10a-7f4d07c9e330,4ad34c76-985e-43d3-b42d-1bb45c6e5178,5b1a1ef6-07a7-4d71-9ae3-6949959deecc,Europe,Northern Europe,Channel Islands,Sark,CRQ,CQ,49.463533,-2.561737,,,,
43a9d723-4cbe-43ea-ab4a-1b44ae92ebb9,46e20497-676f-415b-beec-969ecf97e426,757b3812-ae65-47b1-a0bb-0bec356e14ce,Europe,Northern Europe,,Denmark,DNK,DK,56.26392,9.501785,,,,
2fb42732-15c1-4d72-bbb3-6d05ff83f03f,8727b60d-ce20-4027-840e-b754edf5cb7e,de50daff-5875-4ca7-b686-0dbf86739857,Europe,Northern Europe,,Estonia,EST,EE,58.595272,25.013607,,,,
1abd113b-ed47-46ab-905a-67589d5bb6dd,17cdba07-a9f0-428c-a703-416467fe4777,41fca427-3cff-4cb8-b79b-cdac69fc369a,Europe,Northern Europe,,Faroe Islands,FRO,FO,61.892635,-6.911806,,,,
1b63b30a-967a-4344-95cd-caa1584c7a7c,83e85fcf-6c71-48d9-aa19-0b2a30bcba58,d7108c88-7d9c-4638-b249-39d4699c4af9,Europe,Northern Europe,,Finland,FIN,FI,61.92411,25.748151,,,,
d9f5aafd-74b0-498a-8af8-d9797c7af1f8,26126807-e4d7-42af-92a3-df5821eda225,87533d23-f279-442d-a26e-7d75be90b51f,Europe,Northern Europe,,Iceland,ISL,IS,64.963051,-19.020835,,,,
e22f619a-2a24-4400-9592-4fe55fcba76f,f67d2050-5086-4b8e-b497-d3f462475e14,626f112c-73ea-454f-aac6-f9b0916f7d03,Europe,Northern Europe,,Ireland,IRL,IE,53.41291,-8.24389,,,,
8c32d03b-d738-4f77-a572-711937d6f22b,17bbc249-936f-49fe-93f6-72e5251ced0d,322c8f91-06cb-43ff-badd-36a601187c7d,Europe,Northern Europe,,Isle of Man,IMN,IM,54.236107,-4.548056,,,,
bb28d83a-ac22-495c-90d9-3e24ebfb0c0f,c6fe47b1-9cd4-4145-9268-aa056ce8e830,e4f41ea3-c30a-42e7-8099-635430fde277,Europe,Northern Europe,,Latvia,LVA,LV,56.879635,24.603189,,,,
833fb0d3-117f-4c44-b428-fe2bde43dbbb,8cb07874-9040-45ed-afa8-ab4bb6c63eb5,c1c9e402-70c0-4543-bfac-b85571f40ff9,Europe,Northern Europe,,Lithuania,LTU,LT,55.169438,23.881275,,,,
3cb013cc-6335-4ba8-86e9-eeed35239d16,383cb2c6-ff5f-4357-ab2a-a2bb2d2e6528,bf722dfa-e13f-4926-9427-a0e20ead1379,Europe,Northern Europe,,Norway,NOR,NO,60.472024,8.468946,,,,
c3691375-4a88-43c9-8d66-c88e9fd4b87e,66f9b703-0334-4267-8025-7653fa81b70d,dabf3288-d4f6-43a7-8733-96698b1c7820,Europe,Northern Europe,,Svalbard and Jan Mayen Islands,SJM,SJ,77.553604,23.670272,,,,
580d695b-b822-4131-9757-45ecb07fe587,1f3f8951-45cc-4c3e-84ec-2dbd62e64e89,9653dbb3-0cf5-402d-8aeb-e665366327da,Europe,Northern Europe,,Sweden,SWE,SE,60.128161,18.643501,,,,
eeff50df-7f59-4f8a-9323-e6e8298ed290,0ab5087d-beb4-4dab-8749-de9c4feeee4d,a038053a-849a-49f2-b6ad-e872dcff4c33,Europe,Northern Europe,,United Kingdom of Great Britain and Northern Ireland,GBR,GB,55.378051,-3.435973,,,,
18fad6c8-7596-47fa-af2a-d5a0c2295990,7eb867ee-6b73-4041-9499-8805552a0cb8,1a313886-1cf1-4719-91e6-0f870ee45dad,Europe,Southern Europe,,Albania,ALB,AL,41.153332,20.168331,,,,
2f90912a-4ae5-4d62-a780-f07b9e0a2553,0d991142-5335-44b6-a900-9598a303a95c,a9c901ca-019a-4dea-89e1-08661d93256a,Europe,Southern Europe,,Andorra,AND,AD,42.546245,1.601554,,,,
9c23508a-7f4a-474f-80cc-50d06f997687,db65840c-ac90-4d17-9b5a-e079c66a20a8,9d5a4510-47b1-4d49-b898-923dec158ca2,Europe,Southern Europe,,Bosnia and Herzegovina,BIH,BA,43.915886,17.679076,,,,
2ab0b20d-c33c-40cf-982a-d305f8498edc,c9443ad3-f7f2-4005-9fc8-3ebe5f2572b0,0c7d295e-7aa2-44ea-aea0-bd55e99fa4f5,Europe,Southern Europe,,Croatia,HRV,HR,45.1,15.2,,,,
a4368cfa-c769-4e7b-891b-a07a0c76ced2,12522a0c-b693-4448-8fe2-2dd943358df3,b0c0fa72-6ad9-42e6-973b-7b38606b728c,Europe,Southern Europe,,Gibraltar,GIB,GI,36.137741,-5.345374,,,,
b0a7e557-5b92-4b8f-9430-411369f8daf4,212075ed-34d3-49c7-83a1-84ace4bb9ea2,53f500b8-4ac7-4cee-b127-56b5b6f4e546,Europe,Southern Europe,,Greece,GRC,GR,39.074208,21.824312,,,,
f498f75e-81b5-4b85-921e-dcd38637d3b9,a8a09fb4-e317-45c2-84d5-ecb8a942e14a,ce3cbceb-574f-4e53-9a0a-5abca27a968b,Europe,Southern Europe,,Holy See,VAT,VA,41.902916,12.453389,,,,
74d67245-cd3b-42e8-b575-8327bf09299d,0d2c7942-ec26-4cfb-8bd5-54ebe6d5896a,b4705466-c505-4d72-85f9-5593ec05eead,Europe,Southern Europe,,Italy,ITA,IT,41.87194,12.56738,,,,
b88f0e70-4fc5-4b77-895e-1d697d0ef27f,686dbf77-fb58-4a43-8c9d-fc8da464c303,8b6fe979-91eb-4f50-8b25-f0ef024c78cc,Europe,Southern Europe,,Malta,MLT,MT,35.937496,14.375416,,,,
68b7d789-8496-4853-8472-da0c65ac0bdf,19825381-7485-4792-a216-66f9f3ee86c3,75e2de39-ee28-4486-8cd0-8c40919115d5,Europe,Southern Europe,,Montenegro,MNE,ME,42.708678,19.37439,,,,
b75c24b8-a59c-4e32-8d92-c98039104f4f,4456ba9b-21a5-48fe-9b07-67c454a48727,37e3715a-7e19-431f-8351-b8c744c0b643,Europe,Southern Europe,,North Macedonia,MKD,MK,41.608635,21.745275,,,,
67a8b08a-8a75-4899-8598-dc00def772c4,675cf90c-be99-455a-b707-ebac5daa81bd,a1ebefe6-e91d-4281-a860-eb96a41e08ec,Europe,Southern Europe,,Portugal,PRT,PT,39.399872,-8.224454,,,,
6dcf2071-e026-43e3-801f-3907e899795a,08d693d5-cf02-4a05-96f8-e61c2c67254a,43cc8393-aa9f-4702-bee8-8cbda34c7454,Europe,Southern Europe,,San Marino,SMR,SM,43.94236,12.457777,,,,
b9d68cf4-c67e-4ab9-a7ee-25278da8c917,ed294b22-6e80-4388-88f0-0c34a33b0480,2ad09063-81f3-443e-ab24-dbcb950fca2c,Europe,Southern Europe,,Serbia,SRB,RS,44.016521,21.005859,,,,
e1800c51-bcb2-41e4-a740-9cea251cdcc5,bbefaed5-ce08-4605-bd6c-ff9e1ca03e32,8bcc4551-0893-4e18-af26-aa50d908fecf,Europe,Southern Europe,,Slovenia,SVN,SI,46.151241,14.995463,,,,
171e9aa3-5cd5-4b82-b92a-28b23ccd3488,4ce3f77e-949c-4b23-9d7c-be60a0064729,b6133f68-940f-4840-80de-8275cf0f1573,Europe,Southern Europe,,Spain,ESP,ES,40.463667,-3.74922,,,,
35dc4079-50d7-4c12-8513-8fbf79d665ab,e2decc5a-6574-4987-abed-09179ebebabf,ed0732fb-6613-46af-850c-002ffea6b685,Europe,Western Europe,,Austria,AUT,AT,47.516231,14.550072,,,46.227638,2.213749
796f75f3-a64a-4ff9-957e-f32a25ffab4d,8ad13270-1032-4cfe-92ea-e69d758129e1,faf46e56-6e61-43af-b89e-89f7a0eccb2e,Europe,Western Europe,,Belgium,BEL,BE,50.503887,4.469936,,,,
d22dda8e-a18a-4055-94f5-1ac982950e6f,8382eb71-9409-46e0-929d-feba3f59a7aa,5acd8b26-51c2-4608-86ed-e9edd43ad971,Europe,Western Europe,,France,FRA,FR,46.227638,2.213749,,,,
ce2b0602-0d03-4324-8fcf-0d85a147d01c,5858a138-4194-4dcb-8afe-1234b97b9987,4a05ddf0-1339-4e61-a241-e1fdf5f5a538,Europe,Western Europe,,Germany,DEU,DE,51.165691,10.451526,,,,
857d1386-8f79-4f9b-9271-0a1edf1ffbfa,fb267442-65da-42bb-9f99-93a7d3470bf1,d173d9fa-de5b-4c45-851b-32dd2cffcbdf,Europe,Western Europe,,Liechtenstein,LIE,LI,47.166,9.555373,,,,
fb623d1e-c05f-45c8-bfb5-3da4ea3c35ab,e4fd639a-75b2-4eea-bd61-39ace2675cd4,c18521ac-d768-44a4-a377-db5ed2b0ccc8,Europe,Western Europe,,Luxembourg,LUX,LU,49.815273,6.129583,,,,
4de8de6e-bafc-4a61-b466-043e40269034,e026838c-55fd-49b7-a29f-1fafa1105f7a,8565c676-ac11-482e-ac85-276add7ffe51,Europe,Western Europe,,Monaco,MCO,MC,43.750298,7.412841,,,,
4e55ee55-d86f-4a6f-b7c3-cc81883d1fac,2931c652-184e-4544-9cfa-dc714f072cc5,24b26d8c-7f8c-489f-a9d6-a6b4c44ad172,Europe,Western Europe,,Netherlands,NLD,NL,52.132633,5.291266,,,,
0b109606-5c0e-470a-88fd-efa2b11a5aaa,ba895c6f-c0a2-4cbb-bbe3-b793ab8fdda7,736b4cc6-2aa4-4e69-8aa6-3b82f8744a7b,Europe,Western Europe,,Switzerland,CHE,CH,46.818188,8.227512,,,,
c83c77bf-8388-44a2-bd1b-a936198b280c,e90a1dd3-886b-4cd4-8967-9fb0c76eb788,4955239f-b9c9-457a-bed3-776ac5a09e3d,Oceania,Australia and New Zealand,,Australia,AUS,AU,-25.274398,133.775136,,,,
553df2e7-c62e-4a8f-b295-d0bdd485f343,a9ad16a7-a142-409d-9e20-8ec06a7f74bf,6e8af61d-9969-47b7-b01a-6754d31e949a,Oceania,Australia and New Zealand,,Christmas Island,CXR,CX,-10.447525,105.690449,,,,
4fa4365a-1542-42dc-916b-b7cc93908178,38d25805-97d6-4060-be0f-da5989146656,4fe3027f-55cc-4022-8a7c-60ac6b76138a,Oceania,Australia and New Zealand,,Cocos (Keeling) Islands,CCK,CC,-12.164165,96.870956,,,,
b186dfc7-af75-401b-8cc6-949c90443745,619a472c-0d28-4fff-ac7d-c4c68bbc424f,f36c0fa8-d723-46d6-aa64-3492b55ff540,Oceania,Australia and New Zealand,,Heard Island and McDonald Islands,HMD,HM,-53.08181,73.504158,,,,
16ceac23-dfda-40d7-8f46-ab9486404327,4478723a-22f0-40cb-a470-1e6f7487f301,16590ce0-3020-4d6d-a6d2-b9d9736c96b6,Oceania,Australia and New Zealand,,New Zealand,NZL,NZ,-40.900557,174.885971,,,,
e1aa9de0-a2ae-457b-ac7f-3b4dd02688de,1c99092c-23ce-4524-809b-ae98ffad407d,abef88fc-63e7-4686-8b2d-c3acd6e7bb05,Oceania,Australia and New Zealand,,Norfolk Island,NFK,NF,-29.040835,167.954712,,,,
4c876831-3b74-4df3-b4b7-70e5bf9c5e81,2e79050b-f9d8-4eaa-ac4e-e3611fa44b08,cf1689ed-50af-42b5-b02b-b1099264137d,Oceania,Melanesia,,Fiji,FJI,FJ,-16.578193,179.414413,,,,
69d8287f-4015-4d2e-89bd-cd5b7fb53b08,ed4b24de-ccd9-450f-b2b8-976ff826e45d,6eb74e58-4b45-4b65-b575-eabcac97cb47,Oceania,Melanesia,,New Caledonia,NCL,NC,-20.904305,165.618042,,,,
6216e0a2-7251-4946-8352-748846a4d686,eb03b3d2-6fb1-402f-a570-73abc1b81738,7e1516e0-91f7-48a9-8ebc-e88ac6bc2492,Oceania,Melanesia,,Papua New Guinea,PNG,PG,-6.314993,143.95555,,,,
fa577352-dd0c-450b-a8ab-b4739ea53b39,54a45b73-f251-4ad6-91b1-a293caee52e9,85695f48-5991-4559-bede-4a9f09dc9951,Oceania,Melanesia,,Solomon Islands,SLB,SB,-9.64571,160.156194,,,,
e2eacafe-86b3-45ff-a38f-8de553e4b4d0,96b72a76-c504-4f98-84f0-3023bb8b5f5a,a821557a-dd7f-4f0e-9898-fcfd38863165,Oceania,Melanesia,,Vanuatu,VUT,VU,-15.376706,166.959158,,,,
85ea0545-e981-4da7-ba9d-4177ca189378,b2039652-51f8-46cb-8a03-b2263bc20447,6f1a0c65-5471-498d-88bc-f1f832110855,Oceania,Micronesia,,Guam,GUM,GU,13.444304,144.793731,,,,
a9398eb5-2a1e-447c-936e-14798d9b2b11,5ee9a142-23a4-42ef-86e9-dbfcdce43dfd,ea5b86fa-0c3f-41a9-9b97-e0adc7eda8f6,Oceania,Micronesia,,Kiribati,KIR,KI,-3.370417,-168.734039,,,,
46eca70f-2e43-44c3-a622-852eb294030b,aba55c24-b762-4bb0-b2a4-5aa08e7972e8,0dfa1ea2-6bc2-4786-9e4d-53222bd81169,Oceania,Micronesia,,Marshall Islands,MHL,MH,7.131474,171.184478,,,,
f12db62d-69eb-478a-802c-52237def279c,a920e196-7aeb-4a1b-b68d-abca5dae5b59,bc4927d3-e94b-4d93-a11c-25507102847d,Oceania,Micronesia,,Micronesia (Federated States of),FSM,FM,7.425554,150.550812,,,,
d12b8857-a64e-453b-a154-f2cc0f0a5654,cf29e2a8-b357-43b0-a55e-b44d90564608,415adc78-4c86-4ce1-80b4-0eab670f3a9d,Oceania,Micronesia,,Nauru,NRU,NR,-0.522778,166.931503,,,,
f3a35d4b-becf-47c5-ae56-2738e5b83fe6,b229413c-0166-4d3d-92b6-b54e40c6ca54,6a516fa5-4b33-4e0d-9325-3f5c579838f8,Oceania,Micronesia,,Northern Mariana Islands,MNP,MP,17.33083,145.38469,,,,
58bb2069-a96a-49d1-8b9a-d3fdde9db7f6,406614d3-0ed9-4af9-80cb-32bf33dbf66e,e62aa3ac-26a4-4f85-b96d-cde7884f0fb8,Oceania,Micronesia,,Palau,PLW,PW,7.51498,134.58252,,,,
99cdae59-a1d4-46d9-ac3b-6ba1f676ccf3,e17c8a0c-629d-4f4f-8a00-72ea024867f1,aaf6b192-b29b-4748-b761-fd5ae8f62efd,Oceania,Micronesia,,United States Minor Outlying Islands,UMI,UM,,,,,,
51d9e798-0d22-472c-866d-6af821126b81,aaa9fcf7-343b-46d2-b324-f0c6179a5d0e,0307fa35-a126-40ea-bee3-2404341602b3,Oceania,Polynesia,,American Samoa,ASM,AS,-14.270972,-170.132217,,,,
9f40febf-ca5f-4bbb-ae70-08d2e8ceb35b,d801bcc4-7774-41f8-bc2b-ab09d4ac8d34,31ed199a-ccde-412c-b8a7-31f6b566aa8f,Oceania,Polynesia,,Cook Islands,COK,CK,-21.236736,-159.777671,,,,
034bc709-f774-4ecf-bf87-df1d9154cdae,b63af202-793d-49d5-a9df-f86101fe4e5c,2f49dd0c-5167-41d0-a30d-69956d8b0306,Oceania,Polynesia,,French Polynesia,PYF,PF,-17.679742,-149.406843,,,,
5a08be0a-aede-42e9-8b20-47be836619cf,60e62541-4942-4a2f-bec7-998c8942f872,ae8950db-c992-421c-92cf-84a5f46199af,Oceania,Polynesia,,Niue,NIU,NU,-19.054445,-169.867233,,,,
b0b81f21-643b-4203-9ccb-11b64d138b2e,703539cc-a9e6-4e24-a3e8-4b332bbb3415,f6dde2ee-eaa2-4275-820e-076945d23dbf,Oceania,Polynesia,,Pitcairn,PCN,PN,-24.703615,-127.439308,,,,
def482eb-38f4-4566-9dab-9af037f9570f,512095db-be90-4a57-b93f-39b0b58d5176,fcc1bda4-61fa-43db-96d3-88a72a5e4c6e,Oceania,Polynesia,,Samoa,WSM,WS,-13.759029,-172.104629,,,,
b959976d-e585-4d5d-85c7-cc0cb944f3dd,8a02a41c-13b2-4033-8132-95de78a451cc,b3e9e338-1b79-4d2a-8957-48fc4fc170c0,Oceania,Polynesia,,Tokelau,TKL,TK,-8.967363,-171.855881,,,,
e0b90e3c-cca2-4872-b00f-e201722fb717,218a99a5-9cb5-4519-834d-ede23b750997,12c5b487-3fba-418c-8215-76fa3437c5e8,Oceania,Polynesia,,Tonga,TON,TO,-21.178986,-175.198242,,,,
55eacfd5-60c2-42d4-891c-0719782ceadc,b0eabc07-4749-4761-91d5-f9f4d65f26a1,813c3048-9f79-49c3-93c5-a23be2a64650,Oceania,Polynesia,,Tuvalu,TUV,TV,-7.109535,177.64933,,,,
c5d5f888-9478-4e90-a7fc-8149eca9162b,830aff0a-1b33-4729-a8a0-415c099da10d,6b3b06c2-96e4-4e10-838d-c51bc452b283,Oceania,Polynesia,,Wallis and Futuna Islands,WLF,WF,-13.768752,-177.156097,,,,
7b001a8c-8800-42c5-8f24-6c56ac1ed55b,5766a4da-a989-4a08-94a3-7ef628b318ed,9c933165-185a-4a3c-8160-2f02e9449c59,,,,Antarctica,ATA,AQ,-75.250973,-0.071389,,,,
